Фамилия;Имя;Отчество;Пол;Телефон;Фотография клиента;Дата рождения;Email;Дата регистрации
Ермакова;Алла;Мироновна;2;7(06)437-13-73 ;Клиенты\48.jpg;22.01.1976;whimsy@aol.com;09.02.2017
Селиверстов;Глеб;Максимович;1;7(20)554-28-68 ;Клиенты\m37.jpg;20.06.1999;jigsaw@sbcglobal.net;07.01.2016
Сысоева;Дарина;Ярославовна;2;7(0698)387-96-04 ;Клиенты\32.jpg;03.02.1982;treit@verizon.net;13.05.2016
Некрасов;Варлам;Михайлович;1;7(019)258-06-35 ;Клиенты\m42.jpg;12.11.2000;dogdude@verizon.net;03.12.2017
Сидорова;Татьяна;Михайловна;2;7(51)732-91-79 ;Клиенты\42.jpg;24.04.1974;tbeck@mac.com;03.10.2018
Трофимова;Альжбета;Якововна;2;7(1084)658-92-95 ;Клиенты\25.jpg;22.10.1988;gbacon@mac.com;21.09.2017
Новиков;Адриан;Аркадьевич;1;7(70)572-33-62 ;Клиенты\m40.jpg;15.01.1974;multiplx@verizon.net;23.11.2018
Мишина;Иветта;Андреевна;2;7(3926)244-81-96 ;Клиенты\30.jpg;05.10.2002;aukjan@yahoo.com;24.01.2016
Шестаков;Геннадий;Рубенович;1;7(2066)037-11-60 ;Клиенты\m41.jpg;01.07.2001;tokuhirom@live.com;08.12.2018
Зуев;Матвей;Иванович;1;7(5383)893-04-66 ;Клиенты\m38.jpg;28.03.1981;brickbat@verizon.net;18.12.2018
Турова;Георгина;Семёновна;2;7(555)321-42-99 ;Клиенты\27.jpg;28.05.1974;yruan@optonline.net;22.02.2018
Анисимов;Валентин;Пантелеймонович;1;7(700)326-70-24 ;Клиенты\m99.jpg;10.12.2000;aaribaud@hotmail.com;20.01.2018
Филатов;Аристарх;Дмитриевич;1;7(696)235-29-24 ;Клиенты\m43.jpg;29.05.1989;hampton@att.net;11.01.2017
Орлова;Влада;Мартыновна;2;7(2506)433-38-35 ;Клиенты\22.jpg;26.06.1990;rnelson@yahoo.ca;21.03.2016
Бобров;Агафон;Лаврентьевич;1;7(2159)507-39-57 ;Клиенты\m35.jpg;29.07.1995;petersen@comcast.net;09.05.2017
Панфилов;Марк;Рудольфович;1;7(764)282-55-22 ;Клиенты\m45.jpg;13.04.1991;cremonini@optonline.net;23.02.2016
Колесникова;Алина;Еремеевна;2;7(74)977-39-71 ;Клиенты\40.jpg;19.04.2001;gfxguy@outlook.com;18.01.2017
Морозов;Наум;Валерьянович;1;7(636)050-96-13 ;Клиенты\m49.jpg;04.07.1985;salesgeek@mac.com;02.05.2016
Горбачёв;Давид;Тимурович;1;7(53)602-85-41 ;Клиенты\m36.jpg;22.05.1983;hedwig@att.net;17.12.2018
Попова;Харита;Якуновна;2;7(335)386-81-06 ;Клиенты\36.jpg;16.12.1997;firstpr@verizon.net;05.07.2016
Кудряшов;Аверкий;Константинович;1;7(88)732-96-30 ;Клиенты\m33.jpg;26.07.1991;nanop@msn.com;08.03.2018
Суворова;Божена;Анатольевна;2;7(347)895-86-57 ;Клиенты\34.jpg;09.03.1981;attwood@aol.com;28.01.2016
Беляева;Сабрина;Федосеевна;2;7(6580)534-32-58 ;Клиенты\47.jpg;26.07.1972;agapow@gmail.com;14.06.2017
Шашкова;Гелла;Эдуардовна;2;7(57)446-21-04 ;Клиенты\43.jpg;24.02.1979;jadavis@mac.com;16.11.2016
Корнилова;Анэля;Михайловна;2;7(20)980-01-60 ;Клиенты\26.jpg;02.04.1973;jonathan@aol.com;22.05.2016
Волков;Людвиг;Витальевич;1;7(8459)592-05-58 ;Клиенты\m50.jpg;27.12.1977;jrkorson@msn.com;27.04.2016
Силин;Гаянэ;Анатольевич;1;7(4547)615-22-69 ;Клиенты\m46.jpg;27.05.1976;multiplx@comcast.net;05.05.2017
Казаков;Дмитрий;Русланович;1;7(51)682-19-40 ;Клиенты\m44.jpg;15.12.1978;ozawa@verizon.net;21.05.2016
Мамонтова;Марфа;Мироновна;2;7(38)095-64-18 ;Клиенты\29.jpg;19.10.1984;rfoley@verizon.net;27.02.2018
Архипова;Прасковья;Валерьевна;2;7(86)540-10-21 ;Клиенты\33.jpg;09.01.1979;cgcra@live.com;23.07.2018
Овчинникова;Лаура;Еремеевна;2;7(85)829-33-79 ;Клиенты\35.jpg;03.04.1992;carcus@yahoo.ca;24.11.2018
Андреева;Патрисия;Валерьевна;2;7(9648)953-81-26 ;Клиенты\37.jpg;18.11.1993;jigsaw@aol.com;17.07.2016
Авдеев;Самуил;Улебович;1;7(3168)043-63-31 ;Клиенты\m96.jpg;04.07.1996;cliffordj@mac.com;11.02.2016
Бурова;Светлана;Лукьевна;2;7(358)173-82-21 ;Клиенты\39.jpg;04.01.1979;wsnyder@aol.com;13.10.2016
Игнатов;Захар;Павлович;1;7(578)574-73-36 ;Клиенты\m98.jpg;07.10.1998;dieman@icloud.com;10.11.2017
Лазарев;Алексей;Богданович;1;7(0055)737-37-48 ;Клиенты\m48.jpg;10.03.1977;claesjac@me.com;02.01.2017
Афанасьева;Розалия;Макаровна;2;7(0661)413-23-32 ;Клиенты\31.jpg;01.05.1977;malattia@hotmail.com;06.09.2017
Дементьева;Эдита;Онисимовна;2;7(198)922-28-76 ;Клиенты\38.jpg;17.09.1975;frosal@hotmail.com;24.11.2018
Калинин;Петр;Иванович;1;7(90)316-07-17 ;Клиенты\m47.jpg;08.09.1993;aschmitz@hotmail.com;26.05.2016
Дементьев;Вадим;Ростиславович;1;7(79)330-46-15 ;Клиенты\m39.jpg;10.07.1993;jacks@aol.com;05.03.2018
Абрамов;Станислав;Филатович;1;7(6545)478-87-79 ;Клиенты\m32.jpg;18.05.1989;solomon@att.net;08.12.2016
Кузьмина;Дэнна;Витальевна;2;7(9940)977-45-73 ;Клиенты\20.jpg;24.08.1993;nichoj@mac.com;27.03.2016
Лазарева;Эльвина;Робертовна;2;7(5564)609-81-37 ;Клиенты\28.jpg;16.02.1996;ahuillet@comcast.net;11.04.2018
Воронова;Изабелла;Вячеславовна;2;7(17)433-44-98 ;Клиенты\21.jpg;24.09.1999;kildjean@sbcglobal.net;21.12.2017
Куликова;Эвелина;Вячеславовна;2;7(0236)682-42-78 ;Клиенты\23.jpg;14.11.1997;ilikered@hotmail.com;01.02.2018
Устинова;Юнона;Валентиновна;2;7(33)367-13-07;Клиенты\44.jpg;08.08.1982;kempsonc@live.com;28.05.2017
Костина;Любава;Авксентьевна;2;7(6419)959-21-87 ;Клиенты\41.jpg;13.07.1972;gordonjcp@hotmail.com;26.02.2016
Смирнов;Мартын;Арсеньевич;1;7(6251)589-02-43 ;Клиенты\m34.jpg;25.06.1996;haddawy@live.com;07.02.2017
Федотова;Сандра;Владленовна;2;7(126)195-25-86 ;Клиенты\24.jpg;29.03.1985;penna@verizon.net;08.11.2016
Большаков;Вадим;Данилович;1;7(386)641-13-37 ;Клиенты\m97.jpg;15.05.1970;uncle@gmail.com;04.08.2018
Борисов;Аввакум;Артемович;1;7(2296)930-08-88 ;Клиенты\m12.jpg;25.04.1974;chlim@live.com;11.03.2017
Крюкова;Авигея;Святославовна;2;7(499)318-88-53 ;Клиенты\19.jpg;10.08.2000;simone@gmail.com;03.01.2018
Ефимов;Альберт;Проклович;1;7(416)375-97-19 ;Клиенты\m6.jpg;29.10.1997;houle@live.com;21.06.2018
Комиссарова;Амалия;Робертовна;2;7(22)647-46-32 ;Клиенты\17.jpg;18.08.1971;jorgb@msn.com;04.08.2017
Егорова;Амалия;Дамировна;2;7(7486)408-12-26 ;Клиенты\13.jpg;28.09.1999;drezet@yahoo.com;30.06.2016
Степанова;Амелия;Робертовна;2;7(1217)441-28-42 ;Клиенты\15.jpg;06.06.1970;rasca@hotmail.com;27.09.2017
Калашников;Артур;Юрьевич;1;7(147)947-47-21 ;Клиенты\m10.jpg;13.12.1972;oevans@aol.com;20.08.2017
Кудрявцев;Богдан;Христофорович;1;7(20)131-84-09 ;Клиенты\m31.jpg;27.02.1988;lukka@hotmail.com;07.10.2016
Ефремов;Витольд;Авксентьевич;1;7(93)922-14-03 ;Клиенты\m28.jpg;02.12.1975;kwilliams@yahoo.ca;09.04.2018
Дроздов;Вольдемар;Артемович;1;7(307)456-99-05 ;Клиенты\m21.jpg;07.02.1976;smpeters@me.com;18.07.2017
Бобылёв;Георгий;Витальевич;1;7(88)685-13-51 ;Клиенты\m11.jpg;19.12.1983;csilvers@mac.com;06.04.2018
Ершов;Глеб;Федорович;1;7(2608)298-40-82 ;Клиенты\m23.jpg;14.06.1970;sjava@aol.com;14.09.2016
Цветков;Демьян;Львович;1;7(93)546-43-73 ;Клиенты\m4.jpg;29.03.1996;hauma@icloud.com;12.02.2016
Белозёрова;Диана;Антоновна;2;7(9900)174-59-87 ;Клиенты\7.jpg;27.02.1989;dialworld@aol.com;30.01.2017
Блинов;Евгений;Мэлсович;1;7(0852)321-82-64 ;Клиенты\m7.jpg;05.01.1994;moxfulder@outlook.com;07.05.2017
Колобова;Злата;Романовна;2;7(50)884-07-35 ;Клиенты\18.jpg;25.08.1994;sinkou@aol.com;03.12.2016
Бирюкова;Инара;Улебовна;2;7(098)346-50-58 ;Клиенты\5.jpg;21.07.1978;smpeters@hotmail.com;01.10.2017
Голубев;Иосиф;Тимофеевич;1;7(78)972-73-11 ;Клиенты\m18.jpg;06.05.1982;smcnabb@att.net;18.08.2018
Копылов;Касьян;Робертович;1;7(5774)679-82-06 ;Клиенты\m29.jpg;04.08.1983;crobles@sbcglobal.net;18.03.2018
Кузьмин;Леонтий;Валерьянович;1;7(1340)148-90-68 ;Клиенты\m17.jpg;05.05.2000;msloan@hotmail.com;12.10.2017
Журавлёв;Леонтий;Яковлевич;1;7(4403)308-56-96 ;Клиенты\m24.jpg;02.03.2000;cmdrgravy@me.com;15.01.2018
Артемьева;Лиза;Максимовна;2;7(696)972-70-21 ;Клиенты\3.jpg;17.05.1996;snunez@yahoo.ca;07.10.2018
Ефимова;Магда;Платоновна;2;7(9261)386-15-92 ;Клиенты\16.jpg;16.08.1995;rbarreira@me.com;01.08.2017
Евсеев;Макар;Васильевич;1;7(2141)077-85-70 ;Клиенты\m22.jpg;13.09.1977;parsimony@sbcglobal.net;05.12.2018
Горшкова;Марта;Иосифовна;2;7(544)650-59-03;Клиенты\9.jpg;13.02.2001;gbacon@mac.com;04.08.2016
Баранов;Михаил;Романович;1;7(750)985-94-13 ;Клиенты\m5.jpg;12.07.1997;bigmauler@outlook.com;07.10.2018
Крюков;Наум;Ильяович;1;7(81)657-88-92 ;Клиенты\m30.jpg;17.11.1993;floxy@hotmail.com;01.02.2017
Горбачёва;Никки;Еремеевна;2;7(94)789-69-20 ;Клиенты\8.jpg;21.04.1987;chinthaka@att.net;16.08.2018
Ершова;Номи;Андреевна;2;7(7757)315-90-99 ;Клиенты\14.jpg;13.09.2001;miltchev@mac.com;30.06.2016
Колобов;Орест;Юлианович;1;7(1680)508-58-26 ;Клиенты\m27.jpg;14.07.2001;parkes@verizon.net;01.01.2017
Федотов;Осип;Анатольевич;1;7(590)702-33-06 ;Клиенты\m9.jpg;13.04.1971;breegster@hotmail.com;23.07.2018
Васильев;Оскар;Богданович;1;7(585)801-94-29 ;Клиенты\m15.jpg;30.01.1971;miturria@verizon.net;28.05.2017
Гордеев;Павел;Семенович;1;7(5243)599-66-72 ;Клиенты\m19.jpg;06.09.1984;dawnsong@verizon.net;19.07.2016
Блохин;Пантелеймон;Феликсович;1;7(9524)556-48-98 ;Клиенты\m8.jpg;06.03.1978;balchen@comcast.net;14.02.2018
Гусева;Роза;Дмитриевна;2;7(23)064-51-84 ;Клиенты\10.jpg;13.02.1999;martyloo@live.com;12.12.2017
Медведев;Святослав;Юлианович;1;7(3520)435-21-20 ;Клиенты\m13.jpg;04.10.1972;hllam@comcast.net;13.10.2018
Андреев;Станислав;Максович;1;7(02)993-91-28 ;Клиенты\m3.jpg;10.10.1975;budinger@mac.com;26.12.2017
Александров;Станислав;Эдуардович;1;7(18)164-05-12 ;Клиенты\m2.jpg;04.07.1981;bigmauler@aol.com;08.11.2018
Быкова;Тала;Георгьевна;2;7(13)915-53-53 ;Клиенты\6.jpg;22.02.2000;ganter@optonline.net;13.08.2016
Анисимова;Тамара;Витальевна;2;7(66)128-04-10 ;Клиенты\2.jpg;16.06.1988;schwaang@mac.com;25.02.2016
Князев;Терентий;Валерьевич;1;7(98)397-23-23 ;Клиенты\m26.jpg;19.06.1991;rjones@aol.com;25.06.2018
Быков;Трофим;Константинович;1;7(3414)460-12-05 ;Клиенты\m14.jpg;20.12.1994;jguyer@aol.com;17.04.2016
Киселёв;Устин;Яковлевич;1;7(83)334-52-76 ;Клиенты\m25.jpg;08.01.1985;dalamb@verizon.net;21.06.2018
Алексеева;Элина;Матвеевна;2;7(8086)245-64-81 ;Клиенты\1.jpg;07.05.2002;pthomsen@verizon.net;28.03.2018
Дмитриева;Элина;Даниловна;2;7(787)140-48-84 ;Клиенты\12.jpg;10.12.1988;vmalik@live.com;11.02.2017
Баранова;Эльмира;Дмитриевна;2;7(9240)643-15-50 ;Клиенты\4.jpg;15.01.1977;jgmyers@comcast.net;08.07.2016
Галкин;Эрик;Онисимович;1;7(759)873-77-39 ;Клиенты\m16.jpg;18.01.1975;snunez@verizon.net;19.07.2016
Агафонов;Юстиниан;Олегович;1;7(303)810-28-78 ;Клиенты\m1.jpg;02.02.1997;staffelb@sbcglobal.net;08.06.2016
Гусев;Яков;Авксентьевич;1;7(0972)781-11-37 ;Клиенты\m20.jpg;10.12.1995;jdhedden@icloud.com;20.11.2017
Гущина;Янита;Федоровна;2;7(4544)716-68-96 ;Клиенты\11.jpg;02.03.1999;lishoy@att.net;01.02.2018
